instance,timestamp,modele_actif,nb_drifts,accuracy_HT,kappa_HT,latency_ms_HT,score_bandit_HT,accuracy_KNN,kappa_KNN,latency_ms_KNN,score_bandit_KNN,accuracy_SGD,kappa_SGD,latency_ms_SGD,score_bandit_SGD,cpu_percent,ram_percent
500,2026-05-14T10:29:29.640190,KNN,0,0.752,0.5099279119767294,0.18173400000171114,0.752,0.824,0.6475940283206253,5.814854600000672,0.824,0.606,0.21897300897586333,0.01692780000064431,0.606,43.4,87.5
1000,2026-05-14T10:29:39.057236,KNN,1,0.741,0.48979993853960646,0.23555600000196364,0.7041,0.858,0.7147987322602802,6.707347700000582,0.8673,0.676,0.3531100631316662,0.02067030000006298,0.7755,82.9,89.0
1500,2026-05-14T10:29:45.318078,KNN,1,0.7326666666666667,0.4749201250065471,0.21632306666841336,0.714,0.8693333333333333,0.736995124569486,6.017865000000219,0.888,0.72,0.4396762573931604,0.019977600000667433,0.8027,60.3,84.9
2000,2026-05-14T10:29:50.880905,KNN,1,0.725,0.4608292446217716,0.19105110000123204,0.7086,0.8735,0.7447388971509633,5.415842150000173,0.8871,0.755,0.5079219544134881,0.01904155000073615,0.8288,65.7,85.1
2500,2026-05-14T10:29:56.580714,KNN,1,0.724,0.4589043330313653,0.17802416000101856,0.7121,0.8756,0.7484593743286859,5.1097851999999415,0.8861,0.7804,0.5582305273810166,0.01925076000027275,0.8454,44.5,87.6
3000,2026-05-14T10:30:15.055217,KNN,1,0.7236666666666667,0.46019977166472054,0.19578013333419145,0.7145,0.8756666666666667,0.7486669691347766,6.404841200000003,0.8837,0.791,0.5792172232363364,0.024732000000180204,0.8451,62.1,89.5
3500,2026-05-14T10:30:30.873988,KNN,1,0.724,0.46192665587655335,0.24251577142912797,0.7167,0.8754285714285714,0.7480761503394369,7.01180514285727,0.8818,0.7991428571428572,0.5952565815013916,0.027616542857312458,0.8457,37.6,89.1
4000,2026-05-14T10:30:50.386799,KNN,1,0.73325,0.47886038928689334,0.30393912500045417,0.7298,0.875,0.7475516932086609,7.8118546500001145,0.8802,0.8095,0.6163200917609272,0.03117262499995377,0.8515,74.5,92.0
4500,2026-05-14T10:31:10.589421,KNN,1,0.7384444444444445,0.48897778189438584,0.35609757777828893,0.7368,0.8733333333333333,0.7440211728919919,8.411453555555479,0.8774,0.8142222222222222,0.6253540314774316,0.03532699999979943,0.8516,69.7,91.7
5000,2026-05-14T10:31:32.478999,SGD,1,0.743,0.49683093550758756,0.3961889800004769,0.7426,0.876,0.749162851244832,9.058418399999937,0.8802,0.8222,0.6409845858407875,0.037995639999860484,0.8568,83.1,92.8
5500,2026-05-14T10:31:52.073044,KNN,1,0.7436363636363637,0.4962841292671976,0.42751498181870706,0.7434,0.876,0.7492531742101508,9.416909763636383,0.8797,0.8281818181818181,0.6532069367420094,0.03992321818177722,0.8602,54.0,92.6
6000,2026-05-14T10:32:08.338631,KNN,1,0.7463333333333333,0.5015675079652591,0.4387566166672248,0.7466,0.874,0.7454084560987304,9.529470883333337,0.877,0.8328333333333333,0.6627923838819018,0.04030136666672964,0.8625,48.4,92.3
6500,2026-05-14T10:32:25.520344,KNN,1,0.7449230769230769,0.4995569985864819,0.4569665076929211,0.7449,0.8746153846153846,0.7467413657331003,9.69111426153857,0.8775,0.8366153846153846,0.6704421717913395,0.040836138461591315,0.8642,32.7,92.0
7000,2026-05-14T10:32:42.886425,KNN,1,0.7494285714285714,0.5082978246243552,0.46561540000058294,0.7501,0.8784285714285714,0.7547055601994639,9.861011442857523,0.8816,0.8425714285714285,0.6826768025800506,0.04115571428587016,0.8688,50.4,91.4
7500,2026-05-14T10:33:00.831731,KNN,1,0.7521333333333333,0.5129590446151523,0.47126409333398744,0.7531,0.8765333333333334,0.7506917451506046,10.025095826667105,0.8792,0.8453333333333334,0.6879740463267445,0.04156898666688751,0.87,52.0,91.0
8000,2026-05-14T10:33:17.522469,KNN,1,0.75725,0.5221156839319396,0.4701836875004801,0.7588,0.877,0.7516251013124745,10.111001225000535,0.8795,0.849875,0.6971150142054573,0.04205803750020465,0.8733,43.8,91.2
8500,2026-05-14T10:33:34.856709,KNN,1,0.7596470588235295,0.5262162781561027,0.46400854117684825,0.7614,0.878,0.7535289443058462,10.233286011765305,0.8805,0.8530588235294118,0.7033527717158959,0.04255645882369663,0.8754,59.2,91.6
9000,2026-05-14T10:33:53.184074,KNN,1,0.7642222222222222,0.534295895775919,0.46088503333368813,0.7664,0.8766666666666667,0.7509259868716305,10.331392744444997,0.8789,0.8567777777777777,0.7109950429957465,0.04377051111130312,0.8781,62.9,91.9
9500,2026-05-14T10:34:11.292148,SGD,1,0.768,0.5413487125431862,0.46113827368463045,0.7704,0.8749473684210526,0.7473325064812368,10.413464631579483,0.8768,0.8593684210526316,0.7159215538813459,0.04417482105274255,0.8797,62.1,93.1
10000,2026-05-14T10:34:29.607718,SGD,1,0.7702,0.5452224610233088,0.4591175100004534,0.7727,0.8756,0.748566993556524,10.506772220000505,0.8774,0.8616,0.720382574823926,0.04458147000030408,0.8811,85.0,92.7
10500,2026-05-14T10:34:46.737797,SGD,1,0.7752380952380953,0.5544732824207887,0.4478638952385024,0.7781,0.8767619047619047,0.7510158742910723,10.57795422857184,0.8786,0.8634285714285714,0.7242823173279253,0.04495684761933544,0.8821,50.0,93.5
11000,2026-05-14T10:34:53.389002,HT,2,0.7799090909090909,0.5629995164458619,0.43021183636400645,0.9091,0.8746363636363637,0.7468688938733028,10.304845963636808,0.8182,0.866,0.7295922717091009,0.04377638181839736,0.9091,41.5,93.5
11500,2026-05-14T10:34:58.917598,KNN,2,0.7844347826086957,0.5712303433887189,0.4137319043482164,0.8851,0.8762608695652174,0.7500764378641872,10.021284086956939,0.908,0.8672173913043478,0.7319517539106302,0.042603078261174196,0.8946,70.0,93.7
12000,2026-05-14T10:35:04.371412,SGD,2,0.7864166666666667,0.5746058091286307,0.3984426500005043,0.8591,0.8756666666666667,0.7489492226526213,9.760510783333737,0.8855,0.8690833333333333,0.7357721013350152,0.04149760833357637,0.9031,39.3,94.5
12500,2026-05-14T10:35:09.495874,SGD,2,0.7888,0.5787251395492123,0.3843392000005315,0.8548,0.87592,0.7495150378574349,9.506465712000272,0.8844,0.87112,0.7399203122294268,0.040424904000196875,0.9087,52.9,94.4
13000,2026-05-14T10:35:15.438884,SGD,2,0.7926153846153846,0.585973420221267,0.37168652307730976,0.863,0.8776153846153846,0.7529495551252521,9.299861253846565,0.8932,0.8726153846153846,0.7429898782088629,0.03960224615394736,0.909,56.6,94.6
13500,2026-05-14T10:35:23.275944,SGD,2,0.7965925925925926,0.5935324924342835,0.36112398518544403,0.8703,0.8772592592592593,0.7522305947582208,9.161836792593114,0.8882,0.8743703703703704,0.7465791786327464,0.03918660740748692,0.9112,25.0,94.5
14000,2026-05-14T10:35:30.040489,SGD,2,0.8007142857142857,0.6014168905031584,0.35087665714299227,0.8772,0.8784285714285714,0.7544972704151779,9.001649971429101,0.8918,0.8762857142857143,0.7503324918827171,0.03862342857148552,0.914,49.7,93.8
14500,2026-05-14T10:35:36.143685,SGD,2,0.8037931034482758,0.6072812965462459,0.3409941448276735,0.879,0.8783448275862069,0.7543874366206661,8.835304551724606,0.8896,0.8773103448275862,0.7524082688257155,0.03794682068968901,0.9128,84.7,94.2
15000,2026-05-14T10:35:41.558451,SGD,2,0.8070666666666667,0.613530475227535,0.3324104466667374,0.8819,0.8786666666666667,0.7550104535154951,8.664679326667207,0.8894,0.8786,0.7550268068743812,0.03724681333333516,0.9132,0.0,94.1
15500,2026-05-14T10:35:47.714318,SGD,2,0.8108387096774193,0.6209015559269221,0.3236827225806821,0.8866,0.8785161290322581,0.7547481461391654,8.527641516129455,0.8877,0.8800645161290322,0.7580511869291936,0.036642187096852526,0.9144,52.9,92.5
16000,2026-05-14T10:35:53.441709,SGD,2,0.813,0.6249250057637851,0.31516451874995255,0.8859,0.8785,0.754712908666913,8.384297043750514,0.8867,0.8806875,0.7592781016335672,0.03618886875015548,0.913,52.9,92.7
16500,2026-05-14T10:35:59.980961,SGD,2,0.8153333333333334,0.6294211405710491,0.3077852242424452,0.8863,0.8788484848484849,0.755489834586336,8.267335793939964,0.887,0.8816969696969696,0.7613803276779749,0.035716454545484506,0.9131,77.3,95.0
17000,2026-05-14T10:36:05.813331,SGD,2,0.8180588235294117,0.6346632680759937,0.3006284705883619,0.8881,0.879235294117647,0.7563091022519772,8.139274041176998,0.8874,0.8834117647058823,0.7648224171936407,0.03521265882363543,0.9153,71.3,95.5
17500,2026-05-14T10:36:11.593517,SGD,2,0.8213142857142857,0.6409610362104958,0.29377395428589026,0.8914,0.8793142857142857,0.7563711193465642,8.017699691429101,0.887,0.8849142857142858,0.767778011460282,0.03470645714297527,0.9169,70.3,96.0
18000,2026-05-14T10:36:17.315581,SGD,2,0.8242222222222222,0.6467366911062947,0.2873107666667731,0.8939,0.8791111111111111,0.7560086240187084,7.904417850000526,0.8859,0.8862222222222222,0.7704633218769227,0.0342239111112911,0.918,68.1,93.4
18500,2026-05-14T10:36:23.764243,SGD,2,0.8264324324324325,0.6510684828331815,0.28160840540550525,0.8947,0.8794054054054055,0.7566553797040417,7.808647259459982,0.8862,0.8872432432432432,0.7725616422719662,0.03388305945958797,0.9184,54.9,87.3
19000,2026-05-14T10:36:29.991521,SGD,2,0.8285789473684211,0.6551979981324986,0.2760180052632378,0.8955,0.8795263157894737,0.7568319699351255,7.7120152578953425,0.8861,0.888578947368421,0.775236825831456,0.03351376315800723,0.9196,48.7,87.7
19500,2026-05-14T10:36:35.834357,SGD,2,0.8298974358974359,0.6577383314654365,0.270932210256497,0.8946,0.8771282051282051,0.7520226380052774,7.6136047487185134,0.8802,0.8884615384615384,0.7750397648542973,0.03316073846156087,0.9175,52.5,87.5
20000,2026-05-14T10:36:40.950422,SGD,2,0.8321,0.6620950719363667,0.26547078500010457,0.8959,0.87765,0.7531056374710535,7.5125819950004935,0.8812,0.889,0.7761310727963364,0.032703249999983086,0.9171,25.8,87.3
20500,2026-05-14T10:36:45.968226,SGD,2,0.8349756097560975,0.6677045050302364,0.2602721024391197,0.8988,0.8766829268292683,0.7511156859857576,7.414839112195672,0.8789,0.890390243902439,0.7788481303899152,0.03225564878050591,0.9186,33.0,87.3
21000,2026-05-14T10:36:50.643803,SGD,2,0.8376666666666667,0.6729830827706499,0.25522833809538087,0.9012,0.8772380952380953,0.7521852697309399,7.314279300000504,0.88,0.8912380952380953,0.7804936147778267,0.031824900000025365,0.919,37.5,87.3
21500,2026-05-14T10:36:55.941611,SGD,2,0.8403720930232558,0.6783314457298747,0.2505599674418802,0.9037,0.8777674418604651,0.7532234860032442,7.229779000000563,0.8809,0.8922790697674419,0.7825587620600543,0.031447209302433124,0.9198,28.4,87.8
22000,2026-05-14T10:37:00.711608,SGD,2,0.8425,0.6825945969281153,0.2461110772728613,0.9051,0.878,0.753720635633993,7.138682800000502,0.8812,0.8932272727272728,0.7844979650783119,0.031024922727399682,0.9204,0.0,87.7
22500,2026-05-14T10:37:05.634056,SGD,2,0.8444444444444444,0.6864450892964967,0.2418154000000565,0.9062,0.8781333333333333,0.754016280785015,7.05563654666719,0.8814,0.8936,0.7852508797178874,0.0306305555556441,0.92,46.2,87.7
23000,2026-05-14T10:37:11.161447,SGD,2,0.8461739130434782,0.6899675363160965,0.2379625869565663,0.9069,0.8781304347826087,0.7540679666127837,6.989358630435243,0.8812,0.8942173913043479,0.7865537408468024,0.030322439130474242,0.9201,39.7,87.7
23500,2026-05-14T10:37:16.006164,SGD,2,0.8484255319148937,0.6945510567941564,0.2341117744681324,0.9087,0.8786382978723404,0.7551967097549482,6.912202055319632,0.882,0.8946808510638298,0.7875799508343228,0.02995502978731981,0.9199,25.0,87.7
24000,2026-05-14T10:37:20.933960,SGD,2,0.8503333333333334,0.6983693407382038,0.23041472083338968,0.9099,0.8778333333333334,0.7535770462229411,6.8385975833337795,0.8804,0.89525,0.7887256431246259,0.029623154166725858,0.92,36.4,87.7
24500,2026-05-14T10:37:25.592274,SGD,2,0.852326530612245,0.7023735675252666,0.22681562857145096,0.9113,0.8784897959183674,0.7549295099229953,6.766361163265749,0.8815,0.8964081632653061,0.7910802625072924,0.029278355102152945,0.9212,38.7,87.5
25000,2026-05-14T10:37:30.224892,KNN,2,0.85412,0.7059429600232204,0.22339978000003613,0.9124,0.87856,0.7550396714704388,6.696166128000408,0.8815,0.89732,0.7929022931768529,0.028934324000076686,0.9219,62.5,87.6
25500,2026-05-14T10:37:34.973689,SGD,2,0.8556470588235294,0.7090041717911917,0.22014389803922652,0.9131,0.8790196078431373,0.7560041087149479,6.629388886274861,0.8822,0.8977647058823529,0.7938317611347875,0.028611517647106007,0.9218,38.8,87.6
26000,2026-05-14T10:37:39.567995,SGD,2,0.857,0.7117292228586881,0.21694338461545087,0.9135,0.8786153846153846,0.7552488015420638,6.564157703846507,0.8814,0.8983461538461538,0.7950522600929797,0.02829023846165604,0.922,29.3,87.6
26500,2026-05-14T10:37:44.720103,SGD,2,0.858188679245283,0.714090786681467,0.2139860641510272,0.9137,0.8788301886792452,0.7557401264057152,6.506707671698463,0.8817,0.8986037735849056,0.7955977099525892,0.028023720754770196,0.9217,37.1,87.7
27000,2026-05-14T10:37:49.324108,SGD,2,0.8594814814814815,0.7166621758791538,0.2110204481481922,0.9142,0.8781851851851852,0.7544574178346882,6.444311533333686,0.8805,0.898962962962963,0.7963378235899331,0.027735825925954367,0.9216,30.0,87.6
27500,2026-05-14T10:37:53.959481,SGD,2,0.8609818181818182,0.719697429088522,0.20803851272731166,0.915,0.8785818181818181,0.7552921495530938,6.385039545454885,0.8811,0.8996363636363637,0.7977076702273831,0.02745494181820463,0.922,28.5,87.7
28000,2026-05-14T10:37:58.682128,SGD,2,0.8622857142857143,0.7223615126197787,0.20527796428574366,0.9156,0.8782142857142857,0.7546021390026936,6.326843600000318,0.8804,0.9,0.7984733772252491,0.027192803571480795,0.922,26.7,87.6
28500,2026-05-14T10:38:03.387619,SGD,2,0.8636842105263158,0.725213862274381,0.202606084210621,0.9163,0.8789473684210526,0.7561439909008437,6.274678764912626,0.8816,0.9003508771929825,0.7992345891885281,0.026936378947397588,0.9219,40.9,87.7
29000,2026-05-14T10:38:07.863492,SGD,2,0.8648620689655172,0.727499875919425,0.1999655379311403,0.9168,0.8787931034482759,0.7558024486056326,6.217858703448581,0.8813,0.9007241379310345,0.7999382411068376,0.026683362068985358,0.9219,50.0,87.7
29500,2026-05-14T10:38:12.721554,SGD,2,0.8657288135593221,0.7292155838046154,0.19748675593228207,0.9167,0.8791864406779661,0.756570871955598,6.169902071186744,0.8818,0.9013559322033898,0.8011950234416646,0.026452538983096283,0.9224,42.5,87.7
30000,2026-05-14T10:38:17.434928,SGD,2,0.8671,0.731986227681753,0.19507245000007364,0.9176,0.8788666666666667,0.7559479952981374,6.121199653333607,0.8812,0.9018,0.8021108259175385,0.026210443333360443,0.9225,50.6,87.9
30500,2026-05-14T10:38:22.158600,SGD,2,0.8685901639344262,0.7349373895721527,0.19276113114763008,0.9186,0.8791147540983607,0.7563875070649758,6.074631124590417,0.8816,0.9021639344262296,0.8028163857044264,0.025989800000025216,0.9225,55.7,87.9
31000,2026-05-14T10:38:26.857636,SGD,2,0.869741935483871,0.7372002190825342,0.1905157870968607,0.9191,0.8783225806451613,0.7547770647073014,6.02801153870991,0.8803,0.9024516129032258,0.8033573130822468,0.02578146129027272,0.9225,38.4,87.8
31500,2026-05-14T10:38:32.052303,SGD,2,0.8709206349206349,0.7395227114215155,0.18850851746039538,0.9197,0.8784444444444445,0.7550204284001084,5.988845720635142,0.8804,0.9031111111111111,0.804658031226041,0.02560840952371708,0.923,54.5,88.1
32000,2026-05-14T10:38:36.747141,SGD,2,0.8720625,0.7418193916993854,0.1863961062500259,0.9203,0.87828125,0.7546985346543821,5.945779275000227,0.8801,0.9034375,0.8053231325909926,0.02540036874987983,0.923,34.9,88.1
32500,2026-05-14T10:38:41.304991,SGD,2,0.8732615384615384,0.7441698845512126,0.18429900000002047,0.921,0.8787692307692307,0.7556348709485712,5.902579470769479,0.8808,0.9038461538461539,0.8061122409455271,0.02522572307678869,0.9232,45.5,88.1
33000,2026-05-14T10:38:45.744489,SGD,2,0.8743333333333333,0.7462915868895336,0.1823261636363482,0.9215,0.8781515151515151,0.7543636644420725,5.859524766666958,0.8798,0.904060606060606,0.806527278309349,0.025015942424094,0.9231,35.0,88.1
33500,2026-05-14T10:38:50.543349,SGD,2,0.8754029850746269,0.7484561758413533,0.1804782776118997,0.9221,0.8776119402985074,0.7532939877807688,5.820901298507718,0.879,0.9047761194029851,0.8079755415051995,0.024830916417774677,0.9237,47.5,88.1
34000,2026-05-14T10:38:55.084915,SGD,2,0.8764705882352941,0.7506578372627936,0.17869569411759384,0.9226,0.8779117647058824,0.7539508776370348,5.780493585294353,0.8794,0.9052058823529412,0.8088937155725033,0.024637688235194046,0.9239,27.3,88.1
34500,2026-05-14T10:38:59.552065,SGD,2,0.8775072463768115,0.7527584827164363,0.1769411449275311,0.9232,0.8774492753623189,0.7530433547250572,5.742537959420538,0.8787,0.9057391304347826,0.809978312284867,0.02445778260860679,0.9243,64.6,88.2
35000,2026-05-14T10:39:04.810505,HT,2,0.8786285714285714,0.7550109335021669,0.1753438142856664,0.9239,0.8777714285714285,0.7536835593068841,5.713705740000192,0.8792,0.9062285714285714,0.8109673700651955,0.024318819999866393,0.9247,62.7,87.9
35500,2026-05-14T10:39:10.614249,SGD,2,0.8793802816901408,0.7564724451417699,0.17389555774637838,0.924,0.8778028169014085,0.7537147265102144,5.687604563380447,0.8792,0.9064788732394367,0.8114416388050331,0.024220842253436185,0.9246,66.7,88.4
36000,2026-05-14T10:39:15.788416,SGD,2,0.8801944444444444,0.7581656248668311,0.1724241833331948,0.9243,0.8780277777777777,0.7541985712803617,5.660011022222367,0.8795,0.9068055555555555,0.8121412205277292,0.024090474999962593,0.9247,25.0,88.5
36500,2026-05-14T10:39:20.658890,SGD,2,0.8810684931506849,0.7598919037810612,0.17082685753410398,0.9247,0.8778904109589041,0.7539203433463203,5.629602630137142,0.8792,0.9072054794520548,0.8129312056349138,0.023945268493134355,0.925,48.3,87.7
37000,2026-05-14T10:39:25.405754,SGD,2,0.8818918918918919,0.7615184339746093,0.1692866621620034,0.925,0.8778378378378379,0.7538093339083946,5.598280445946096,0.8791,0.9074594594594595,0.8134188028226498,0.023787397297280063,0.925,34.1,87.7
37500,2026-05-14T10:39:31.174769,HT,2,0.8828,0.763359872080671,0.16805199733319567,0.9255,0.8778666666666667,0.7538949177811711,5.5757530346668345,0.8792,0.9077866666666666,0.8140934476392284,0.023707978666636032,0.9251,77.2,89.4
38000,2026-05-14T10:39:37.559678,HT,2,0.8833684210526316,0.7644928734469002,0.16710087368408577,0.9255,0.8778421052631579,0.7538304000085743,5.55984831052646,0.8791,0.9079473684210526,0.814414574836404,0.023689531578882178,0.925,72.0,89.5
38500,2026-05-14T10:39:44.576477,HT,2,0.8842337662337663,0.7662213483839877,0.16610532467519362,0.926,0.8774805194805195,0.7531101276158987,5.548455194805388,0.8786,0.9081558441558442,0.8148284525359211,0.023685319480418972,0.925,87.6,89.2
39000,2026-05-14T10:39:51.041760,HT,2,0.8848974358974359,0.7675471712302736,0.1650566153844798,0.9261,0.8775897435897436,0.7533183220882548,5.534505230769419,0.8787,0.9082820512820513,0.8150843141191785,0.02364293589731804,0.9249,63.5,89.4
39500,2026-05-14T10:39:57.356304,HT,2,0.885493670886076,0.7687645218419676,0.16402787594925144,0.9262,0.8773670886075949,0.7528938123684895,5.519226412658419,0.8784,0.9084810126582279,0.815503167325803,0.023586524050474393,0.9249,59.6,89.3
40000,2026-05-14T10:40:03.596349,HT,2,0.88605,0.7698958321764179,0.16300594499991802,0.9263,0.8776,0.7533696575767401,5.501798775000213,0.8787,0.908525,0.8156086775695238,0.023524912499821936,0.9246,62.6,89.3
40500,2026-05-14T10:40:10.058195,HT,2,0.8868148148148148,0.7713950158749644,0.16201216543199284,0.9267,0.8782716049382716,0.7546923122621191,5.489664886419913,0.8796,0.9088395061728395,0.8162209455738759,0.02348653827141895,0.9248,69.2,89.1
41000,2026-05-14T10:40:15.958471,HT,2,0.8874878048780488,0.7727485728072562,0.16103637073158608,0.9269,0.878219512195122,0.7545901553816795,5.470956036585493,0.8795,0.909,0.8165441220914692,0.023402141463239375,0.9248,62.1,89.0
41500,2026-05-14T10:40:21.788558,SGD,2,0.8880963855421686,0.7739726171987972,0.16006280722878827,0.9271,0.8780481927710844,0.754237158430353,5.4525931542169985,0.8792,0.909277108433735,0.8170996801036855,0.023334498795042596,0.9249,76.8,89.3
42000,2026-05-14T10:40:27.263577,KNN,2,0.8887857142857143,0.7753275036075956,0.1589324142855649,0.9274,0.8779047619047619,0.7539329686425307,5.433638966666817,0.879,0.9094523809523809,0.8174314728051327,0.0232515809522313,0.9249,33.9,89.3
42500,2026-05-14T10:40:32.201598,HT,2,0.889364705882353,0.7764673327021047,0.15777463294105687,0.9276,0.8782117647058824,0.7545348826798144,5.409209054117836,0.8794,0.9096,0.8177132400197191,0.02314008235281937,0.9248,36.6,89.5
43000,2026-05-14T10:40:36.651675,HT,3,0.889953488372093,0.7776534670954176,0.15659648837198759,0.936,0.8778837209302326,0.7538768594018849,5.381643774418762,0.8465,0.9097906976744186,0.8181027217792354,0.02300144418594633,0.9254,34.0,89.0
43500,2026-05-14T10:40:41.398243,HT,3,0.8904367816091954,0.778608125481285,0.15545462528721982,0.934,0.8774252873563219,0.7529700578583783,5.357052639080602,0.8421,0.9100459770114943,0.8186076783389847,0.022876813792986363,0.9288,36.7,89.2
44000,2026-05-14T10:40:46.495580,HT,3,0.8910681818181818,0.7799002796267945,0.15440681818166074,0.9381,0.8776590909090909,0.7534618442493817,5.336939640909239,0.8611,0.9102272727272728,0.8189900489164917,0.02276508181806233,0.9278,61.2,89.1
44500,2026-05-14T10:40:51.747064,HT,3,0.8917078651685393,0.7811952030174418,0.15340330337061092,0.9406,0.8777078651685394,0.7535816295395332,5.317839352809106,0.8664,0.9106966292134832,0.8199387039551957,0.022668188763912932,0.934,26.9,81.2
45000,2026-05-14T10:40:56.144362,HT,3,0.8920444444444444,0.7818457656448724,0.15224759999981768,0.9368,0.8777333333333334,0.7536129694009043,5.293393384444585,0.8692,0.9108222222222222,0.82017887940102,0.02253327999990107,0.9316,28.8,81.3
45500,2026-05-14T10:41:00.764011,HT,3,0.8923736263736264,0.7824891058635338,0.15129374945035534,0.9343,0.8775604395604396,0.7532462596380958,5.269134437362811,0.868,0.9110769230769231,0.8206767893873717,0.022415432966925306,0.932,29.0,81.3
46000,2026-05-14T10:41:05.303764,HT,3,0.8928478260869566,0.7833981204145347,0.1502262456520226,0.9346,0.877804347826087,0.7536916671888467,5.245867634782875,0.8726,0.9110434782608695,0.820581851933246,0.022295795652057825,0.9285,25.4,81.4
46500,2026-05-14T10:41:10.530386,HT,3,0.8933763440860215,0.7844813866196507,0.14933614838694773,0.9355,0.8778279569892473,0.7537497501576015,5.228247589247554,0.8735,0.9108602150537635,0.8202269189999566,0.022219619354740965,0.9242,33.6,81.6
47000,2026-05-14T10:41:14.922481,HT,3,0.8940638297872341,0.7858541656371767,0.14833346595732438,0.938,0.8779148936170212,0.7539115247846725,5.204635742553412,0.8749,0.9111063829787234,0.8207142045404173,0.022105282978633026,0.9253,27.8,81.7
47500,2026-05-14T10:41:19.530035,HT,3,0.8946105263157895,0.7869358425843495,0.14736623578941555,0.9388,0.8780842105263158,0.7542134844010303,5.182800629473872,0.8768,0.9114105263157894,0.821312064317301,0.021994730526257385,0.9267,28.2,81.5
48000,2026-05-14T10:41:23.911319,HT,3,0.8951666666666667,0.7880306309569072,0.14638550833327693,0.9397,0.8780416666666667,0.7541014744644133,5.160433841666783,0.8766,0.9117083333333333,0.821890501102176,0.02187800416660816,0.928,26.2,81.4
48500,2026-05-14T10:41:29.167686,HT,3,0.8957525773195877,0.7891957205170109,0.14554260618545592,0.9407,0.8777319587628866,0.7534333014288773,5.145819055670229,0.8742,0.9119793814432989,0.8224286920921127,0.02181108041231686,0.9288,36.9,81.5
49000,2026-05-14T10:41:34.461433,HT,3,0.8964081632653061,0.7905131772731577,0.14482766530598995,0.9422,0.8779795918367347,0.7539254869733905,5.130421377551171,0.8763,0.9122857142857143,0.8230421545967536,0.02174657959174821,0.9298,23.5,81.9
49500,2026-05-14T10:41:38.874662,HT,3,0.8968686868686868,0.7914493919766123,0.14395253131296057,0.9422,0.8778383838383839,0.7536282854846154,5.109899448485043,0.8754,0.9125858585858586,0.8236458076370645,0.021638614141290254,0.9307,39.6,81.9
50000,2026-05-14T10:41:43.375586,HT,3,0.89734,0.7923695655983962,0.14305977599988182,0.9423,0.8779,0.7537056674719872,5.0890417320002275,0.876,0.91278,0.8240138947684543,0.021539483999835057,0.9308,42.7,81.7
